{"cameraMode":{"drawMode":0,"name":"Shaded","section":"Shading Mode"},"sceneLighting":false,"audioPlay":false,"sceneViewState":{"showFog":true,"showMaterialUpdate":false,"showSkybox":false,"showFlares":true,"showImageEffects":true,"showParticleSystems":true},"in2DMode":false,"pivot":{"x":5.630495548248291,"y":1.6399950981140137,"z":2.419994831085205},"rotation":{"x":0.29650378227233889,"y":-0.2890041470527649,"z":0.09465004503726959,"w":0.9053281545639038},"size":20.9357967376709,"orthographic":true}